protocol,model,n,spearman_per_gene_mean,spearman_per_gene_sd,spearman_pooled,rmse
leave-one-gene-out,Rule Set 2 GBT (Azimuth params),5310,0.5148133182263752,0.08207367564282766,0.4969151614138249,0.24930884400598957
leave-one-gene-out,LightGBM (Rule Set 2 features),5310,0.5378147677420931,0.09317555106898784,0.5160740435509722,0.24647651169044957
leave-one-gene-out,CNN + attention,5310,0.5073055690454501,0.07652616331943296,0.4865233556057544,0.25048150648340745
gene-held-out test,Rule Set 2 GBT (Azimuth params),1066,0.45348960302672037,0.12548295629269315,0.44739841038826983,0.263062234853669
gene-held-out test,LightGBM (Rule Set 2 features),1066,0.47897653168763615,0.11910870935242768,0.4749053669719341,0.2582165599975603
gene-held-out test,CNN + attention,1066,0.49501782057896415,0.06728126311175217,0.47150915166400886,0.25426387786865234
random split (leaky),Rule Set 2 GBT (Azimuth params),1103,0.5436860922631639,0.14737746487848613,0.5717749804527669,0.24022102443303744
random split (leaky),CNN + attention,1103,0.4828640354647671,0.13594159560025298,0.49167625303717627,0.2522403299808502
in-sample reference,Azimuth released model (shipped predictions),5310,0.693808900351293,0.06087538067621136,0.714791702845789,0.21061281109607946
